id,company,company_location
0,5150,U.S.A
1,5150,U.S.A
2,5150,U.S.A
3,A. Morin,France
4,A. Morin,France
5,A. Morin,France
6,A. Morin,France
7,A. Morin,France
8,A. Morin,France
9,A. Morin,France
10,A. Morin,France
11,A. Morin,France
12,A. Morin,France
13,A. Morin,France
14,A. Morin,France
15,A. Morin,France
16,A. Morin,France
17,A. Morin,France
18,A. Morin,France
19,A. Morin,France
20,A. Morin,France
21,A. Morin,France
22,A. Morin,France
23,A. Morin,France
24,A. Morin,France
25,A. Morin,France
26,A. Morin,France
27,A. Morin,France
28,Acalli,U.S.A
29,Acalli,U.S.A
30,Acalli,U.S.A
31,Acalli,U.S.A
32,Adi aka Fijiana (Easy In Ltd),Fiji
33,Adi aka Fijiana (Easy In Ltd),Fiji
34,Adi aka Fijiana (Easy In Ltd),Fiji
35,Adi aka Fijiana (Easy In Ltd),Fiji
36,Aelan,Vanuatu
37,Aelan,Vanuatu
38,Aelan,Vanuatu
39,Aelan,Vanuatu
40,Aequare (Gianduja),Ecuador
41,Aequare (Gianduja),Ecuador
42,Ah Cacao,Mexico
43,Akesson's (Pralus),Switzerland
44,Akesson's (Pralus),Switzerland
45,Akesson's (Pralus),Switzerland
46,Alain Ducasse,France
47,Alain Ducasse,France
48,Alain Ducasse,France
49,Alain Ducasse,France
50,Alain Ducasse,France
51,Alain Ducasse,France
52,Alexandre,Netherlands
53,Alexandre,Netherlands
54,Alexandre,Netherlands
55,Alexandre,Netherlands
56,Altus aka Cao Artisan,U.S.A
57,Altus aka Cao Artisan,U.S.A
58,Altus aka Cao Artisan,U.S.A
59,Altus aka Cao Artisan,U.S.A
60,Altus aka Cao Artisan,U.S.A
61,Altus aka Cao Artisan,U.S.A
62,Altus aka Cao Artisan,U.S.A
63,Altus aka Cao Artisan,U.S.A
64,Altus aka Cao Artisan,U.S.A
65,Altus aka Cao Artisan,U.S.A
66,Altus aka Cao Artisan,U.S.A
67,Amano,U.S.A
68,Amano,U.S.A
69,Amano,U.S.A
70,Amano,U.S.A
71,Amano,U.S.A
72,Amano,U.S.A
73,Amano,U.S.A
74,Amano,U.S.A
75,Amano,U.S.A
76,Amatller (Simon Coll),Spain
77,Amatller (Simon Coll),Spain
78,Amatller (Simon Coll),Spain
79,Amatller (Simon Coll),Spain
80,Amazona,Peru
81,Amazona,Peru
82,Ambrosia,Canada
83,Ambrosia,Canada
84,Ambrosia,Canada
85,Ambrosia,Canada
86,Ambrosia,Canada
87,Ambrosia,Canada
88,Amedei,Italy
89,Amedei,Italy
90,Amedei,Italy
91,Amedei,Italy
92,Amedei,Italy
93,Amedei,Italy
94,Amedei,Italy
95,Amedei,Italy
96,Amedei,Italy
97,Amedei,Italy
98,Amedei,Italy
99,Amedei,Italy
100,Amedei,Italy
101,AMMA,Brazil
102,AMMA,Brazil
103,AMMA,Brazil
104,AMMA,Brazil
105,AMMA,Brazil
106,Anahata,U.S.A
107,Animas,U.S.A
108,Ara,France
109,Ara,France
110,Ara,France
111,Ara,France
112,Arete,U.S.A
113,Arete,U.S.A
114,Arete,U.S.A
115,Arete,U.S.A
116,Arete,U.S.A
117,Arete,U.S.A
118,Arete,U.S.A
119,Arete,U.S.A
120,Arete,U.S.A
121,Arete,U.S.A
122,Arete,U.S.A
123,Arete,U.S.A
124,Arete,U.S.A
125,Arete,U.S.A
126,Arete,U.S.A
127,Arete,U.S.A
128,Arete,U.S.A
129,Arete,U.S.A
130,Arete,U.S.A
131,Arete,U.S.A
132,Arete,U.S.A
133,Arete,U.S.A
134,Arete,U.S.A
135,Arete,U.S.A
136,Arete,U.S.A
137,Arete,U.S.A
138,Arete,U.S.A
139,Arete,U.S.A
140,Arete,U.S.A
141,Arete,U.S.A
142,Arete,U.S.A
143,Arete,U.S.A
144,Argencove,Nicaragua
145,Argencove,Nicaragua
146,Argencove,Nicaragua
147,Argencove,Nicaragua
148,Artisan du Chocolat,U.k.
149,Artisan du Chocolat,U.k.
150,Artisan du Chocolat,U.k.
151,Artisan du Chocolat,U.k.
152,Artisan du Chocolat,U.k.
153,Artisan du Chocolat,U.k.
154,Artisan du Chocolat,U.k.
155,Artisan du Chocolat,U.k.
156,Artisan du Chocolat,U.k.
157,Artisan du Chocolat,U.k.
158,Artisan du Chocolat,U.k.
159,Artisan du Chocolat,U.k.
160,Artisan du Chocolat,U.k.
161,Artisan du Chocolat,U.k.
162,Artisan du Chocolat,U.k.
163,Artisan du Chocolat (Casa Luker),U.k.
164,Askinosie,U.S.A
165,Askinosie,U.S.A
166,Askinosie,U.S.A
167,Askinosie,U.S.A
168,Askinosie,U.S.A
169,Askinosie,U.S.A
170,Atypic,Australia
171,Auro,Philippines
172,Auro,Philippines
173,Auro,Philippines
174,Auro,Philippines
175,Bahen & Co.,Australia
176,Bahen & Co.,Australia
177,Bahen & Co.,Australia
178,Bahen & Co.,Australia
179,Bahen & Co.,Australia
180,Baiani,Brazil
181,Bakau,Peru
182,Bakau,Peru
183,Bankston,U.S.A
184,Bankston,U.S.A
185,Bankston,U.S.A
186,Bar Au Chocolat,U.S.A
187,Bar Au Chocolat,U.S.A
188,Bar Au Chocolat,U.S.A
189,Bar Au Chocolat,U.S.A
190,Bar Au Chocolat,U.S.A
191,Bar Au Chocolat,U.S.A
192,Bar Au Chocolat,U.S.A
193,Baravelli's,Wales
194,Batch,U.S.A
195,Batch,U.S.A
196,Batch,U.S.A
197,Bean,U.k.
198,Beau Cacao,U.k.
199,Beau Cacao,U.k.
200,Beehive,U.S.A
201,Beehive,U.S.A
202,Beehive,U.S.A
203,Beehive,U.S.A
204,Belcolade,Belgium
205,Belcolade,Belgium
206,Belcolade,Belgium
207,Belcolade,Belgium
208,Bellflower,U.S.A
209,Bellflower,U.S.A
210,Bellflower,U.S.A
211,Belvie,Vietnam
212,Belyzium,Germany
213,Belyzium,Germany
214,Belyzium,Germany
215,Benns,Singapore
216,Benns,Singapore
217,Benns,Singapore
218,Benoit Nihant,Belgium
219,Benoit Nihant,Belgium
220,Benoit Nihant,Belgium
221,Benoit Nihant,Belgium
222,Benoit Nihant,Belgium
223,Benoit Nihant,Belgium
224,Bernachon,France
225,Beschle (Felchlin),Switzerland
226,Beschle (Felchlin),Switzerland
227,Beschle (Felchlin),Switzerland
228,Beschle (Felchlin),Switzerland
229,Beschle (Felchlin),Switzerland
230,Beschle (Felchlin),Switzerland
231,Beschle (Felchlin),Switzerland
232,Beschle (Felchlin),Switzerland
233,Bisou,U.S.A
234,Bisou,U.S.A
235,Bisou,U.S.A
236,Bisou,U.S.A
237,Bitacora,Venezuela
238,Bitacora,Venezuela
239,Bitacora,Venezuela
240,Bittersweet Origins,U.S.A
241,Bittersweet Origins,U.S.A
242,Bittersweet Origins,U.S.A
243,Bittersweet Origins,U.S.A
244,Bittersweet Origins,U.S.A
245,Bittersweet Origins,U.S.A
246,Bittersweet Origins,U.S.A
247,Bittersweet Origins,U.S.A
248,Bittersweet Origins,U.S.A
249,Bittersweet Origins,U.S.A
250,Bittersweet Origins,U.S.A
251,Bittersweet Origins,U.S.A
252,Bittersweet Origins,U.S.A
253,Bittersweet Origins,U.S.A
254,Bixby,U.S.A
255,Bixby,U.S.A
256,Bixby,U.S.A
257,Bixby,U.S.A
258,Black Mountain,U.S.A
259,Black Mountain,U.S.A
260,Black Mountain,U.S.A
261,Black River (A. Morin),U.k.
262,Blanxart,Spain
263,Blanxart,Spain
264,Blue Bandana,U.S.A
265,Blue Bandana,U.S.A
266,Blue Bandana,U.S.A
267,Blue Bandana,U.S.A
268,Blue Bandana,U.S.A
269,Blue Bandana,U.S.A
270,Boho,U.S.A
271,Bonaterra,Malaysia
272,Bonaterra,Malaysia
273,Bonaterra,Malaysia
274,Bonnat,France
275,Bonnat,France
276,Bonnat,France
277,Bonnat,France
278,Bonnat,France
279,Bonnat,France
280,Bonnat,France
281,Bonnat,France
282,Bonnat,France
283,Bonnat,France
284,Bonnat,France
285,Bonnat,France
286,Bonnat,France
287,Bonnat,France
288,Bonnat,France
289,Bonnat,France
290,Bonnat,France
291,Bonnat,France
292,Bonnat,France
293,Bonnat,France
294,Bonnat,France
295,Bonnat,France
296,Bonnat,France
297,Bonnat,France
298,Bonnat,France
299,Bonnat,France
300,Bonnat,France
301,Bonnat,France
302,Bouga Cacao (Tulicorp),Ecuador
303,Box Chocolate,U.S.A
304,Brasstown,U.S.A
305,Brasstown,U.S.A
306,Brasstown aka It's Chocolate,U.S.A
307,Brasstown aka It's Chocolate,U.S.A
308,Brasstown aka It's Chocolate,U.S.A
309,Brasstown aka It's Chocolate,U.S.A
310,Brasstown aka It's Chocolate,U.S.A
311,Brasstown aka It's Chocolate,U.S.A
312,Brasstown aka It's Chocolate,U.S.A
313,Brasstown aka It's Chocolate,U.S.A
314,Brasstown aka It's Chocolate,U.S.A
315,Brasstown aka It's Chocolate,U.S.A
316,Brasstown aka It's Chocolate,U.S.A
317,Brasstown aka It's Chocolate,U.S.A
318,Brazen,U.S.A
319,Brazen,U.S.A
320,Brazen,U.S.A
321,Brazen,U.S.A
322,Brazen,U.S.A
323,Brazen,U.S.A
324,Breeze Mill,U.S.A
325,Bright,Australia
326,Bright,Australia
327,Bright,Australia
328,Bright,Australia
329,Britarev,Russia
330,Bronx Grrl Chocolate,U.S.A
331,Bullion,U.k.
332,Bullion,U.k.
333,Burnt Fork Bend,U.S.A
334,Burnt Fork Bend,U.S.A
335,Burnt Fork Bend,U.S.A
336,Burnt Fork Bend,U.S.A
337,Burnt Fork Bend,U.S.A
338,By Cacao,South korea
339,Cacai Cacao,Taiwan
340,Cacai Cacao,Taiwan
341,Cacao 70,Canada
342,Cacao 70,Canada
343,Cacao 70,Canada
344,Cacao Arabuco,Puerto rico
345,Cacao Atlanta,U.S.A
346,Cacao Atlanta,U.S.A
347,Cacao Atlanta,U.S.A
348,Cacao Atlanta,U.S.A
349,Cacao Barry,France
350,Cacao Barry,France
351,Cacao Barry,France
352,Cacao Barry,France
353,Cacao Barry,France
354,Cacao Betulia,Switzerland
355,Cacao Betulia,Switzerland
356,Cacao Betulia,Switzerland
357,Cacao de Origen,Venezuela
358,Cacao de Origen,Venezuela
359,Cacao de Origen,Venezuela
360,Cacao de Origen,Venezuela
361,Cacao de Origen,Venezuela
362,Cacao de Origen,Venezuela
363,Cacao de Origen,Venezuela
364,Cacao de Origen,Venezuela
365,Cacao de Origen,Venezuela
366,Cacao de Origen,Venezuela
367,Cacao Hunters,Colombia
368,Cacao Hunters,Colombia
369,Cacao Hunters,Colombia
370,Cacao Hunters,Colombia
371,Cacao Hunters,Colombia
372,Cacao Hunters,Colombia
373,Cacao Hunters,Colombia
374,Cacao Market,U.S.A
375,Cacao Prieto,U.S.A
376,Cacao Prieto,U.S.A
377,Cacao Prieto,U.S.A
378,Cacao Prieto,U.S.A
379,Cacao Sampaka,Spain
380,Cacao Sampaka,Spain
381,Cacao Sampaka,Spain
382,Cacao Sampaka,Spain
383,Cacao Sampaka,Spain
384,Cacao Sampaka,Spain
385,Cacao Sampaka,Spain
386,Cacao Sampaka,Spain
387,Cacao Sampaka,Spain
388,Cacao Store,Japan
389,Cacao Store,Japan
390,Cacao Store,Japan
391,Cacaosuyo,Peru
392,Cacaosuyo (Theobroma Inversiones),Peru
393,Cacaoyere (Ecuatoriana),Ecuador
394,Cacaoyere (Ecuatoriana),Ecuador
395,Cacaoyere (Ecuatoriana),Ecuador
396,Cacaoyere (Ecuatoriana),Ecuador
397,C-Amaro,Italy
398,C-Amaro,Italy
399,C-Amaro,Italy
400,C-Amaro,Italy
401,C-Amaro,Italy
402,C-Amaro,Italy
403,C-Amaro,Italy
404,Cao,U.S.A
405,Cao,U.S.A
406,Cao,U.S.A
407,Cao,U.S.A
408,Cao,U.S.A
409,Caoni (Tulicorp),Ecuador
410,Caoni (Tulicorp),Ecuador
411,Caoni (Tulicorp),Ecuador
412,Caoni (Tulicorp),Ecuador
413,Caoni (Tulicorp),Ecuador
414,Caoni (Tulicorp),Ecuador
415,Captain Pembleton,New zealand
416,Captain Pembleton,New zealand
417,Caribeans,Costa rica
418,Caribeans,Costa rica
419,Caribeans,Costa rica
420,Caribeans,Costa rica
421,Caribeans,Costa rica
422,Carlotta Chocolat,Colombia
423,Carlotta Chocolat,Colombia
424,Carlotta Chocolat,Colombia
425,Carlotta Chocolat,Colombia
426,Carlotta Chocolat,Colombia
427,Casa,U.S.A
428,Casa Lasevicius,Brazil
429,Casa Lasevicius,Brazil
430,Castronovo,U.S.A
431,Castronovo,U.S.A
432,Castronovo,U.S.A
433,Castronovo,U.S.A
434,Castronovo,U.S.A
435,Castronovo,U.S.A
436,Castronovo,U.S.A
437,Castronovo,U.S.A
438,Castronovo,U.S.A
439,Castronovo,U.S.A
440,Castronovo,U.S.A
441,Castronovo,U.S.A
442,Castronovo,U.S.A
443,Castronovo,U.S.A
444,Castronovo,U.S.A
445,Castronovo,U.S.A
446,Castronovo,U.S.A
447,Cello,U.S.A
448,Cello,U.S.A
449,Cello,U.S.A
450,Cello,U.S.A
451,Chaleur B,Canada
452,Chapon,France
453,Chapon,France
454,Charm School,U.S.A
455,Chchukululu (Tulicorp),Ecuador
456,Chchukululu (Tulicorp),Ecuador
457,Chequessett,U.S.A
458,Chequessett,U.S.A
459,Chequessett,U.S.A
460,Chocablog,U.k.
461,Choco Del Sol,Germany
462,Choco Del Sol,Germany
463,Choco Dong,South korea
464,Choco Dong,South korea
465,Chococard (Lapos),Hungary
466,Chococard (Lapos),Hungary
467,Chocolarder,U.k.
468,Chocolarder,U.k.
469,Chocolarder,U.k.
470,Chocolarder,U.k.
471,Chocola'te,U.S.A
472,Chocola'te,U.S.A
473,Chocolate Alchemist-Philly,U.S.A
474,Chocolate Alchemist-Philly,U.S.A
475,Chocolate Con Amor,U.S.A
476,Chocolate Con Amor,U.S.A
477,Chocolate Con Amor,U.S.A
478,Chocolate Con Amor,U.S.A
479,Chocolate Con Amor,U.S.A
480,Chocolate Con Amor,U.S.A
481,Chocolate Con Amor,U.S.A
482,Chocolate Conspiracy,U.S.A
483,Chocolate Makers,Netherlands
484,Chocolate Makers,Netherlands
485,Chocolate Makers,Netherlands
486,"Chocolate Tree, The",Scotland
487,"Chocolate Tree, The",Scotland
488,"Chocolate Tree, The",Scotland
489,"Chocolate Tree, The",Scotland
490,"Chocolate Tree, The",Scotland
491,"Chocolate Tree, The",Scotland
492,Chocolatoa,Belgium
493,Chocolats Privilege,Canada
494,Chocolibrium,U.S.A
495,Chocolibrium,U.S.A
496,Chocolibrium,U.S.A
497,Chocovic,Spain
498,Chocovic,Spain
499,Chocovic,Spain
500,Chocovic,Spain
501,Chocovic,Spain
502,Chocovic,Spain
503,Chocovic,Spain
504,Chocovic,Spain
505,Chocovivo,U.S.A
506,Chocovivo,U.S.A
507,Choklat,Canada
508,Choklat,Canada
509,Choklat,Canada
510,Choklat,Canada
511,Choklat,Canada
512,Chokolat Elot (Girard),Martinique
513,Choocsol,Canada
514,Christophe Toury,Peru
515,Christopher Elbow,U.S.A
516,Christopher Elbow,U.S.A
517,Christopher Elbow,U.S.A
518,Christopher Elbow,U.S.A
519,Christopher Elbow,U.S.A
520,Christopher Elbow,U.S.A
521,Christopher Elbow,U.S.A
522,Chuao Chocolatier,U.S.A
523,Chuao Chocolatier (Pralus),U.S.A
524,Claudio Corallo,Sao tome
525,Claudio Corallo,Sao tome
526,Claudio Corallo,Sao tome
527,Cloudforest,U.S.A
528,Coco,Canada
529,Cocoa Carib,St. lucia
530,Coleman & Davis,U.S.A
531,Condor,U.S.A
532,Confluence,U.S.A
533,Coppeneur,Germany
534,Coppeneur,Germany
535,Coppeneur,Germany
536,Coppeneur,Germany
537,Coppeneur,Germany
538,Coppeneur,Germany
539,Coppeneur,Germany
540,Coppeneur,Germany
541,Coppeneur,Germany
542,Coppeneur,Germany
543,Coppeneur,Germany
544,Coppeneur,Germany
545,Coppeneur,Germany
546,Coppeneur,Germany
547,Coppeneur,Germany
548,Coppeneur,Germany
549,Coppeneur,Germany
550,Coppeneur,Germany
551,Cravve,Australia
552,Cravve,Australia
553,Cravve,Australia
554,Cravve,Australia
555,Cravve,Australia
556,Cravve,Australia
557,Cravve,Australia
558,Creo,U.S.A
559,Creo,U.S.A
560,Crow and Moss,U.S.A
561,Crow and Moss,U.S.A
562,Crow and Moss,U.S.A
563,Daintree,Australia
564,Daintree,Australia
565,Dalloway,U.S.A
566,Damson,U.k.
567,Damson,U.k.
568,Damson,U.k.
569,Damson,U.k.
570,Damson,U.k.
571,Dandelion,U.S.A
572,Dandelion,U.S.A
573,Dandelion,U.S.A
574,Dandelion,U.S.A
575,Dandelion,U.S.A
576,Dandelion,U.S.A
577,Dandelion,U.S.A
578,Dandelion,U.S.A
579,Dandelion,U.S.A
580,Dandelion,U.S.A
581,Dandelion,U.S.A
582,Dandelion,U.S.A
583,Dandelion,U.S.A
584,Dandelion,U.S.A
585,Dandelion,U.S.A
586,Dandelion,U.S.A
587,Dandelion,U.S.A
588,Dandelion,U.S.A
589,Dandelion (aka Brower Ave),U.S.A
590,Dandelion (aka Brower Ave),U.S.A
591,Dandelion (aka Brower Ave),U.S.A
592,Danta,Guatemala
593,Danta,Guatemala
594,Danta,Guatemala
595,Danta,Guatemala
596,Danta,Guatemala
597,Danta,Guatemala
598,Danta,Guatemala
599,Danta,Guatemala
600,Danta,Guatemala
601,DAR,U.S.A
602,DAR,U.S.A
603,DAR,U.S.A
604,Darcis,Belgium
605,Darcis,Belgium
606,Dark Forest,U.S.A
607,Dark Forest,U.S.A
608,Dark Forest,U.S.A
609,Dark Forest,U.S.A
610,Dark Forest,U.S.A
611,Davis,U.S.A
612,Davis,U.S.A
613,Davis,U.S.A
614,Davis,U.S.A
615,De Mendes,Brazil
616,De Mendes,Brazil
617,De Villiers,South africa
618,De Villiers,South africa
619,Dean and Deluca (Belcolade),U.S.A
620,Dean and Deluca (Belcolade),U.S.A
621,Dean and Deluca (Belcolade),U.S.A
622,Dean and Deluca (Belcolade),U.S.A
623,Dean and Deluca (Belcolade),U.S.A
624,Dean and Deluca (Belcolade),U.S.A
625,Debauve & Gallais (Michel Cluizel),France
626,Debauve & Gallais (Michel Cluizel),France
627,Definite,Dominican republic
628,Definite,Dominican republic
629,Definite,Dominican republic
630,Desbarres,Canada
631,Desbarres,Canada
632,DeVries,U.S.A
633,DeVries,U.S.A
634,DeVries,U.S.A
635,Dick Taylor,U.S.A
636,Dick Taylor,U.S.A
637,Dick Taylor,U.S.A
638,Dick Taylor,U.S.A
639,Dick Taylor,U.S.A
640,Dick Taylor,U.S.A
641,Dick Taylor,U.S.A
642,Dick Taylor,U.S.A
643,Dick Taylor,U.S.A
644,Dick Taylor,U.S.A
645,Dick Taylor,U.S.A
646,Dick Taylor,U.S.A
647,Dick Taylor,U.S.A
648,Dick Taylor,U.S.A
649,Dick Taylor,U.S.A
650,Dick Taylor,U.S.A
651,Dick Taylor,U.S.A
652,Diogo Vaz,Sao tome & principe
653,Diogo Vaz,Sao tome & principe
654,Diogo Vaz,Sao tome & principe
655,Diogo Vaz,Sao tome & principe
656,Doble & Bignall,U.k.
657,Doble & Bignall,U.k.
658,Doble & Bignall,U.k.
659,Doble & Bignall,U.k.
660,Dolfin (Belcolade),Belgium
661,Dolfin (Belcolade),Belgium
662,Domori,Italy
663,Domori,Italy
664,Domori,Italy
665,Domori,Italy
666,Domori,Italy
667,Domori,Italy
668,Domori,Italy
669,Domori,Italy
670,Domori,Italy
671,Domori,Italy
672,Domori,Italy
673,Domori,Italy
674,Domori,Italy
675,Domori,Italy
676,Domori,Italy
677,Domori,Italy
678,Domori,Italy
679,Domori,Italy
680,Domori,Italy
681,Domori,Italy
682,Domori,Italy
683,Domori,Italy
684,Dormouse,U.k.
685,Dormouse,U.k.
686,Dormouse,U.k.
687,Dormouse,U.k.
688,Dormouse,U.k.
689,Dormouse,U.k.
690,Dormouse,U.k.
691,Double Spiral,U.S.A
692,Double Spiral,U.S.A
693,Double Spiral,U.S.A
694,Duffy's,U.k.
695,Duffy's,U.k.
696,Duffy's,U.k.
697,Duffy's,U.k.
698,Duffy's,U.k.
699,Duffy's,U.k.
700,Duffy's,U.k.
701,Duffy's,U.k.
702,Duffy's,U.k.
703,Duffy's,U.k.
704,Duffy's,U.k.
705,Duffy's,U.k.
706,Duffy's,U.k.
707,Duffy's,U.k.
708,Duffy's,U.k.
709,Duffy's,U.k.
710,Dulcinea,U.S.A
711,Durci,U.S.A
712,Durci,U.S.A
713,Durci,U.S.A
714,Durci,U.S.A
715,Durci,U.S.A
716,Durci,U.S.A
717,East Van Roasters,Canada
718,East Van Roasters,Canada
719,East Van Roasters,Canada
720,Eau de Rose,Canada
721,Eau de Rose,Canada
722,Eclat (Felchlin),U.S.A
723,Eclat (Fruition),U.S.A
724,Edelmond,Germany
725,El Ceibo,Bolivia
726,El Ceibo,Bolivia
727,El Rey,Venezuela
728,El Rey,Venezuela
729,El Rey,Venezuela
730,El Rey,Venezuela
731,El Rey,Venezuela
732,El Rey,Venezuela
733,El Rey,Venezuela
734,Eldora,U.S.A
735,Emerald Estate,St. lucia
736,Emerald Estate,St. lucia
737,Emily's,Japan
738,Emily's,Japan
739,Encuentro,France
740,Encuentro,France
741,Encuentro,France
742,Encuentro,France
743,ENNA,U.S.A
744,ENNA,U.S.A
745,ENNA,U.S.A
746,ENNA,U.S.A
747,ENNA,U.S.A
748,Erithaj (A. Morin),France
749,Erithaj (A. Morin),France
750,Erithaj (A. Morin),France
751,Escazu,U.S.A
752,Escazu,U.S.A
753,Escazu,U.S.A
754,Escazu,U.S.A
755,Escazu,U.S.A
756,Ethel's Artisan (Mars),U.S.A
757,Ethel's Artisan (Mars),U.S.A
758,Ethel's Artisan (Mars),U.S.A
759,Ethel's Artisan (Mars),U.S.A
760,Ethel's Artisan (Mars),U.S.A
761,Ethereal,U.S.A
762,Ethereal,U.S.A
763,Ethereal,U.S.A
764,Ethereal,U.S.A
765,Exquisito,U.S.A
766,Fearless (AMMA),U.S.A
767,Feitoria Cacao,Portugal
768,Feitoria Cacao,Portugal
769,Feitoria Cacao,Portugal
770,Felchlin,Switzerland
771,Felchlin,Switzerland
772,Felchlin,Switzerland
773,Felchlin,Switzerland
774,Felchlin,Switzerland
775,Felchlin,Switzerland
776,Felchlin,Switzerland
777,Finca,U.S.A
778,Finca,U.S.A
779,Finca,U.S.A
780,Finca,U.S.A
781,Finnia,Canada
782,Finnia,Canada
783,Finnia,Canada
784,Finnia,Canada
785,Firetree,U.k.
786,Firetree,U.k.
787,Firetree,U.k.
788,Firetree,U.k.
789,Five (5)Mile,U.S.A
790,Five (5)Mile,U.S.A
791,Five (5)Mile,U.S.A
792,Five (5)Mile,U.S.A
793,FJAK,Norway
794,FJAK,Norway
795,FJAK,Norway
796,Forever Cacao,U.k.
797,Forteza (Cortes),Puerto rico
798,Forteza (Cortes),Puerto rico
799,Fossa,Singapore
800,Fossa,Singapore
801,Fossa,Singapore
802,Fossa,Singapore
803,Fossa,Singapore
804,Fossa,Singapore
805,Fossa,Singapore
806,Fossa,Singapore
807,Fossa,Singapore
808,Fossa,Singapore
809,Foundry,New zealand
810,Foundry,New zealand
811,Foundry,New zealand
812,Foundry,New zealand
813,Foundry,New zealand
814,Foundry,New zealand
815,Foundry,New zealand
816,Franceschi,Venezuela
817,Franceschi,Venezuela
818,Franceschi,Venezuela
819,Franceschi,Venezuela
820,Franceschi,Venezuela
821,Franceschi,Venezuela
822,Franceschi,Venezuela
823,Franceschi,Venezuela
824,Franceschi,Venezuela
825,Frederic Blondeel,Belgium
826,Frederic Blondeel,Belgium
827,Frederic Blondeel,Belgium
828,Frederic Blondeel,Belgium
829,Frederic Blondeel,Belgium
830,French Broad,U.S.A
831,French Broad,U.S.A
832,French Broad,U.S.A
833,French Broad,U.S.A
834,French Broad,U.S.A
835,French Broad,U.S.A
836,French Broad,U.S.A
837,French Broad,U.S.A
838,French Broad,U.S.A
839,French Broad,U.S.A
840,French Broad,U.S.A
841,Fresco,U.S.A
842,Fresco,U.S.A
843,Fresco,U.S.A
844,Fresco,U.S.A
845,Fresco,U.S.A
846,Fresco,U.S.A
847,Fresco,U.S.A
848,Fresco,U.S.A
849,Fresco,U.S.A
850,Fresco,U.S.A
851,Fresco,U.S.A
852,Fresco,U.S.A
853,Fresco,U.S.A
854,Fresco,U.S.A
855,Fresco,U.S.A
856,Fresco,U.S.A
857,Fresco,U.S.A
858,Fresco,U.S.A
859,Fresco,U.S.A
860,Fresco,U.S.A
861,Fresco,U.S.A
862,Fresco,U.S.A
863,Fresco,U.S.A
864,Fresco,U.S.A
865,Fresco,U.S.A
866,Fresco,U.S.A
867,Fresco,U.S.A
868,Fresco,U.S.A
869,Fresco,U.S.A
870,Fresco,U.S.A
871,Fresco,U.S.A
872,Fresh Coast,U.S.A
873,Fresh Coast,U.S.A
874,Fresh Coast aka Just Good Choc.,U.S.A
875,Fresh Coast aka Just Good Choc.,U.S.A
876,Fresh Coast aka Just Good Choc.,U.S.A
877,Friis Holm,Denmark
878,Friis Holm,Denmark
879,Friis Holm,Denmark
880,Friis Holm,Denmark
881,Friis Holm,Denmark
882,Friis Holm,Denmark
883,Friis Holm,Denmark
884,Friis Holm,Denmark
885,Friis Holm,Denmark
886,Friis Holm,Denmark
887,Friis Holm,Denmark
888,Friis Holm,Denmark
889,Friis Holm,Denmark
890,Friis Holm (Bonnat),Denmark
891,Friis Holm (Bonnat),Denmark
892,Friis Holm (Bonnat),Denmark
893,Friis Holm (Bonnat),Denmark
894,Friis Holm (Bonnat),Denmark
895,Friis Holm (Bonnat),Denmark
896,Friis Holm (Bonnat),Denmark
897,Friis Holm (Bonnat),Denmark
898,Friis Holm (Bonnat),Denmark
899,Friis Holm (Bonnat),Denmark
900,Friis Holm (Bonnat),Denmark
901,Friis Holm (Bonnat),Denmark
902,Fruition,U.S.A
903,Fruition,U.S.A
904,Fruition,U.S.A
905,Fruition,U.S.A
906,Fruition,U.S.A
907,Fruition,U.S.A
908,Fruition,U.S.A
909,Fruition,U.S.A
910,Fruition,U.S.A
911,Fruition,U.S.A
912,Fruition,U.S.A
913,Fu Wan,Taiwan
914,Fu Wan,Taiwan
915,Fu Wan,Taiwan
916,Fu Wan,Taiwan
917,Garden Island,U.S.A
918,Georgia Ramon,Germany
919,Georgia Ramon,Germany
920,Georgia Ramon,Germany
921,Georgia Ramon,Germany
922,Georgia Ramon,Germany
923,Georgia Ramon,Germany
924,Georgia Ramon,Germany
925,Georgia Ramon,Germany
926,Georgia Ramon,Germany
927,Glennmade,U.S.A
928,Glennmade,U.S.A
929,Gonzales,U.S.A
930,Goodnow,U.S.A
931,Goodnow,U.S.A
932,Goodnow Farms,U.S.A
933,Goodnow Farms,U.S.A
934,Goodnow Farms,U.S.A
935,Goodnow Farms,U.S.A
936,Gotham,U.S.A
937,Grand Place,Vietnam
938,Green & Black's (ICAM),U.k.
939,Green Bean to Bar,Japan
940,Green Bean to Bar,Japan
941,Grenada Chocolate Co.,Grenada
942,Grenada Chocolate Co.,Grenada
943,Grenada Chocolate Co.,Grenada
944,Guido Castagna,Italy
945,Guido Castagna,Italy
946,Guido Castagna,Italy
947,Guido Castagna,Italy
948,Guido Castagna,Italy
949,Guido Castagna,Italy
950,Guittard,U.S.A
951,Guittard,U.S.A
952,Guittard,U.S.A
953,Guittard,U.S.A
954,Guittard,U.S.A
955,Guittard,U.S.A
956,Guittard,U.S.A
957,Guittard,U.S.A
958,Guittard,U.S.A
959,Guittard,U.S.A
960,Guittard,U.S.A
961,Guittard,U.S.A
962,Guittard,U.S.A
963,Guittard,U.S.A
964,Guittard,U.S.A
965,Guittard,U.S.A
966,Guittard,U.S.A
967,Guittard,U.S.A
968,Guittard,U.S.A
969,Guittard,U.S.A
970,Guittard,U.S.A
971,Guittard,U.S.A
972,Habitual,Canada
973,Habitual,Canada
974,Habitual,Canada
975,Habitual,Canada
976,Habitual,Canada
977,Habitual,Canada
978,Habitual,Canada
979,Habitual,Canada
980,Hachez,Germany
981,Hacienda El Castillo,Ecuador
982,Hacienda El Castillo,Ecuador
983,Harper Macaw,U.S.A
984,Harper Macaw,U.S.A
985,Harper Macaw,U.S.A
986,Harper Macaw,U.S.A
987,Harper Macaw,U.S.A
988,Harris & James,U.k.
989,Harris & James,U.k.
990,Hazel Hill,U.S.A
991,Hazel Hill,U.S.A
992,Hazel Hill,U.S.A
993,Heilemann,Germany
994,Heinde & Verre,Netherlands
995,Heinde & Verre,Netherlands
996,Heinde & Verre,Netherlands
997,Heirloom Cacao Preservation (Brasstown),U.S.A
998,Heirloom Cacao Preservation (Fruition),U.S.A
999,Heirloom Cacao Preservation (Guittard),U.S.A
1000,Heirloom Cacao Preservation (Guittard),U.S.A
1001,Heirloom Cacao Preservation (Guittard),U.S.A
1002,Heirloom Cacao Preservation (Guittard),U.S.A
1003,Heirloom Cacao Preservation (Manoa),U.S.A
1004,Heirloom Cacao Preservation (Millcreek),U.S.A
1005,Heirloom Cacao Preservation (Mindo),U.S.A
1006,Heirloom Cacao Preservation (Zokoko),U.S.A
1007,Heirloom Cacao Preservation (Zokoko),U.S.A
1008,hello cocoa,U.S.A
1009,hello cocoa,U.S.A
1010,hexx,U.S.A
1011,hexx,U.S.A
1012,hexx,U.S.A
1013,hexx,U.S.A
1014,hexx,U.S.A
1015,hexx,U.S.A
1016,hexx,U.S.A
1017,hexx,U.S.A
1018,hexx,U.S.A
1019,hexx,U.S.A
1020,Hogarth,New zealand
1021,Hogarth,New zealand
1022,Hogarth,New zealand
1023,Hogarth,New zealand
1024,Hogarth,New zealand
1025,Hogarth,New zealand
1026,Hoja Verde (Tulicorp),Ecuador
1027,Hoja Verde (Tulicorp),Ecuador
1028,Hoja Verde (Tulicorp),Ecuador
1029,Hoja Verde (Tulicorp),Ecuador
1030,Hoja Verde (Tulicorp),Ecuador
1031,Holy Cacao,Israel
1032,Holy Cacao,Israel
1033,Holy Cacao,Israel
1034,Holy Cacao,Israel
1035,Holy Cacao,Israel
1036,Holy Cacao,Israel
1037,Holy Cacao,Israel
1038,Holy Cacao,Israel
1039,Holy Cacao,Israel
1040,Honest,South africa
1041,Hotel Chocolat,U.k.
1042,Hotel Chocolat,U.k.
1043,Hotel Chocolat,U.k.
1044,Hotel Chocolat,U.k.
1045,Hotel Chocolat,U.k.
1046,Hotel Chocolat (Coppeneur),U.k.
1047,Hotel Chocolat (Coppeneur),U.k.
1048,Hotel Chocolat (Coppeneur),U.k.
1049,Hotel Chocolat (Coppeneur),U.k.
1050,Hotel Chocolat (Coppeneur),U.k.
1051,Hotel Chocolat (Coppeneur),U.k.
1052,Hotel Chocolat (Coppeneur),U.k.
1053,Hotel Chocolat (Coppeneur),U.k.
1054,Hotel Chocolat (Coppeneur),U.k.
1055,Hotel Chocolat (Coppeneur),U.k.
1056,Hotel Chocolat (Coppeneur),U.k.
1057,Hotel Chocolat (Coppeneur),U.k.
1058,Hotel Chocolat (Coppeneur),U.k.
1059,Hotel Chocolat (Coppeneur),U.k.
1060,Hummingbird,Canada
1061,Hummingbird,Canada
1062,Hummingbird,Canada
1063,Hummingbird,Canada
1064,Hummingbird,Canada
1065,Hummingbird,Canada
1066,Hummingbird,Canada
1067,Hummingbird,Canada
1068,Idilio (Felchlin),Switzerland
1069,Idilio (Felchlin),Switzerland
1070,Idilio (Felchlin),Switzerland
1071,Idilio (Felchlin),Switzerland
1072,Idilio (Felchlin),Switzerland
1073,Idilio (Felchlin),Switzerland
1074,Idilio (Felchlin),Switzerland
1075,Idilio (Felchlin),Switzerland
1076,Idilio (Felchlin),Switzerland
1077,Idilio (Felchlin),Switzerland
1078,Indah,India
1079,Indaphoria,U.S.A
1080,Indaphoria,U.S.A
1081,Indi,U.S.A
1082,Indi,U.S.A
1083,iQ Chocolate,Scotland
1084,iQ Chocolate,Scotland
1085,Isidro,U.S.A
1086,Isidro,U.S.A
1087,Isidro,U.S.A
1088,Isidro,U.S.A
1089,Islands Chocolate,St.vincent-grenadines
1090,Izard,U.S.A
1091,Izard,U.S.A
1092,Jacque Torres,U.S.A
1093,Jean Marie Auboine,U.S.A
1094,Johnny Iuzzini,U.S.A
1095,Johnny Iuzzini,U.S.A
1096,Johnny Iuzzini,U.S.A
1097,Johnny Iuzzini,U.S.A
1098,Johnny Iuzzini,U.S.A
1099,Johnny Iuzzini,U.S.A
1100,Johnny Iuzzini,U.S.A
1101,Johnny Iuzzini,U.S.A
1102,Johnny Iuzzini,U.S.A
1103,Johnny Iuzzini,U.S.A
1104,Jordis,Czech republic
1105,Jordis,Czech republic
1106,Kad Kokoa,Thailand
1107,Kad Kokoa,Thailand
1108,Kad Kokoa,Thailand
1109,Kad Kokoa,Thailand
1110,Kah Kow,Dominican republic
1111,Kah Kow,Dominican republic
1112,Kah Kow,Dominican republic
1113,Kah Kow,Dominican republic
1114,Kah Kow - USA,Dominican republic
1115,Kah Kow - USA,U.S.A
1116,Kah Kow - USA,Dominican republic
1117,Kah Kow - USA,Dominican republic
1118,Kah Kow - USA,U.S.A
1119,Kaitxo,Spain
1120,Kaitxo,Spain
1121,Kaitxo,Spain
1122,Kallari (Ecuatoriana),Ecuador
1123,Kallari (Ecuatoriana),Ecuador
1124,Kallari (Ecuatoriana),Ecuador
1125,Kallari (Ecuatoriana),Ecuador
1126,Kallari (Ecuatoriana),Ecuador
1127,Kallari (Ecuatoriana),Ecuador
1128,Kallari (Ecuatoriana),Ecuador
1129,Kallari (Ecuatoriana),Ecuador
1130,Kerchner,U.S.A
1131,Ki' Xocolatl,Mexico
1132,Kin + Pod,Canada
1133,Kiskadee,U.S.A
1134,Krak,Netherlands
1135,Krak,Netherlands
1136,Krak,Netherlands
1137,Krak,Netherlands
1138,Krak,Netherlands
1139,Krak,Netherlands
1140,Krak,Netherlands
1141,Krak,Netherlands
1142,Kto,U.S.A
1143,Kto,U.S.A
1144,Kto,U.S.A
1145,Kto,U.S.A
1146,Kto,U.S.A
1147,Kto,U.S.A
1148,Kto,U.S.A
1149,K'ul,U.S.A
1150,K'ul,U.S.A
1151,K'ul,U.S.A
1152,K'ul,U.S.A
1153,Kyya,U.S.A
1154,Kyya,U.S.A
1155,Kyya,U.S.A
1156,Kyya,U.S.A
1157,L.A. Burdick (Felchlin),U.S.A
1158,L.A. Burdick (Felchlin),U.S.A
1159,L.A. Burdick (Felchlin),U.S.A
1160,L.A. Burdick (Felchlin),U.S.A
1161,L.A. Burdick (Felchlin),U.S.A
1162,L.A. Burdick (Felchlin),U.S.A
1163,L.A. Burdick (Felchlin),U.S.A
1164,L.A. Burdick (Felchlin),U.S.A
1165,L.A. Burdick (Felchlin),U.S.A
1166,La Cascade du Chocolat,U.S.A
1167,La Chorena,U.S.A
1168,La Chorena,U.S.A
1169,La Chorena,U.S.A
1170,La Chorena,U.S.A
1171,La Feverie (Hasnaa),France
1172,La Feverie (Hasnaa),France
1173,La Feverie (Hasnaa),France
1174,La Maison du Chocolat (Valrhona),France
1175,La Maison du Chocolat (Valrhona),France
1176,La Maison du Chocolat (Valrhona),France
1177,La Maison du Chocolat (Valrhona),France
1178,La Maison du Chocolat (Valrhona),France
1179,La Maison du Chocolat (Valrhona),France
1180,La Maison du Chocolat (Valrhona),France
1181,La Maison du Chocolat (Valrhona),France
1182,La Maison du Chocolat (Valrhona),France
1183,La Maison du Chocolat (Valrhona),France
1184,La Rifa,Mexico
1185,La Rifa,Mexico
1186,La Rifa,Mexico
1187,Laia aka Chat-Noir,France
1188,Laia aka Chat-Noir,France
1189,Laia aka Chat-Noir,France
1190,Laia aka Chat-Noir,France
1191,Laia aka Chat-Noir,France
1192,Laia aka Chat-Noir,France
1193,Laia aka Chat-Noir,France
1194,Laia aka Chat-Noir,France
1195,Laia aka Chat-Noir,France
1196,Laia aka Chat-Noir,France
1197,L'Amourette,U.S.A
1198,L'Amourette,U.S.A
1199,L'Amourette,U.S.A
1200,L'Amourette,U.S.A
1201,Land,U.k.
1202,Land,U.k.
1203,Land,U.k.
1204,Landmark (Amano),U.S.A
1205,Legast,Belgium
1206,Legast,Belgium
1207,Legast,Belgium
1208,Letterpress,U.S.A
1209,Letterpress,U.S.A
1210,Letterpress,U.S.A
1211,Letterpress,U.S.A
1212,Letterpress,U.S.A
1213,Letterpress,U.S.A
1214,Letterpress,U.S.A
1215,Letterpress,U.S.A
1216,Letterpress,U.S.A
1217,Letterpress,U.S.A
1218,Letterpress,U.S.A
1219,Letterpress,U.S.A
1220,Letterpress,U.S.A
1221,Levy,Finland
1222,Lilla,Finland
1223,Lillie Belle,U.S.A
1224,Lillie Belle,U.S.A
1225,Lillie Belle,U.S.A
1226,Lillie Belle,U.S.A
1227,Lillie Belle,U.S.A
1228,Lillie Belle,U.S.A
1229,Lindt & Sprungli,Switzerland
1230,Loiza,Puerto rico
1231,Lonohana,U.S.A
1232,Lonohana,U.S.A
1233,Lonohana,U.S.A
1234,Lonohana,U.S.A
1235,Lonohana,U.S.A
1236,Lonohana,U.S.A
1237,Love Bar,U.S.A
1238,Love Brown,Taiwan
1239,Love Brown,Taiwan
1240,Love Brown,Taiwan
1241,Love Brown,Taiwan
1242,Luisa Abram,Brazil
1243,Luisa Abram,Brazil
1244,Luker,Colombia
1245,Luker,Colombia
1246,Luker,Colombia
1247,Luker,Colombia
1248,MADE,U.S.A
1249,MADE,U.S.A
1250,Madecasse (Cinagra),Madagascar
1251,Madecasse (Cinagra),Madagascar
1252,Madecasse (Cinagra),Madagascar
1253,Madecasse (Cinagra),Madagascar
1254,Madre,U.S.A
1255,Madre,U.S.A
1256,Madre,U.S.A
1257,Madre,U.S.A
1258,Madre,U.S.A
1259,Madre,U.S.A
1260,Madre,U.S.A
1261,Madre,U.S.A
1262,Madre,U.S.A
1263,Madre,U.S.A
1264,Madre,U.S.A
1265,Maglio,Italy
1266,Maglio,Italy
1267,Maglio,Italy
1268,Maglio,Italy
1269,Majani,Italy
1270,Malagasy (Chocolaterie Robert),Madagascar
1271,Malagasy (Chocolaterie Robert),Madagascar
1272,Malagos,Philippines
1273,Malai,Thailand
1274,Malie Kai (Guittard),U.S.A
1275,Malie Kai (Guittard),U.S.A
1276,Malmo,Sweden
1277,Mana,U.S.A
1278,Mana,U.S.A
1279,Mana,U.S.A
1280,Mana,U.S.A
1281,Manifesto Cacao,Colombia
1282,Manoa,U.S.A
1283,Manoa,U.S.A
1284,Manoa,U.S.A
1285,Manoa,U.S.A
1286,Manoa,U.S.A
1287,Manoa,U.S.A
1288,Manoa,U.S.A
1289,Manoa,U.S.A
1290,Manoa,U.S.A
1291,Manufaktura Czekolady,Poland
1292,Manufaktura Czekolady,Poland
1293,Manufaktura Czekolady,Poland
1294,Manufaktura Czekolady,Poland
1295,Manufaktura Czekolady,Poland
1296,Manufaktura Czekolady,Poland
1297,Manufaktura Czekolady,Poland
1298,Map Chocolate,U.S.A
1299,Map Chocolate,U.S.A
1300,Map Chocolate,U.S.A
1301,Map Chocolate,U.S.A
1302,Map Chocolate,U.S.A
1303,Map Chocolate,U.S.A
1304,Map Chocolate,U.S.A
1305,Map Chocolate,U.S.A
1306,Map Chocolate,U.S.A
1307,Map Chocolate,U.S.A
1308,Map Chocolate,U.S.A
1309,Map Chocolate,U.S.A
1310,Map Chocolate,U.S.A
1311,Map Chocolate,U.S.A
1312,Marana,Peru
1313,Marana,Peru
1314,Marana,Peru
1315,Marigold's Finest,Canada
1316,Markham & Fitz,U.S.A
1317,Marou,Vietnam
1318,Marou,Vietnam
1319,Marou,Vietnam
1320,Marou,Vietnam
1321,Marou,Vietnam
1322,Marou,Vietnam
1323,Marou,Vietnam
1324,Marou,Vietnam
1325,Marou,Vietnam
1326,Marou,Vietnam
1327,Marou,Vietnam
1328,Marsatta,U.S.A
1329,Marsatta,U.S.A
1330,Martin Mayer,Austria
1331,Martin Mayer,Austria
1332,Martin Mayer,Austria
1333,Mast Brothers,U.S.A
1334,Mast Brothers,U.S.A
1335,Mast Brothers,U.S.A
1336,Mast Brothers,U.S.A
1337,Mast Brothers,U.S.A
1338,Mast Brothers,U.S.A
1339,Mast Brothers,U.S.A
1340,Mast Brothers,U.S.A
1341,Mast Brothers,U.S.A
1342,Mast Brothers,U.S.A
1343,Mast Brothers,U.S.A
1344,Mast Brothers,U.S.A
1345,Mast Brothers,U.S.A
1346,Mast Brothers,U.S.A
1347,Mast Brothers,U.S.A
1348,Mast Brothers,U.S.A
1349,Mast Brothers,U.S.A
1350,Mast Brothers,U.S.A
1351,Matale,Australia
1352,Matale,Australia
1353,Matale,Australia
1354,Matale,Australia
1355,Maverick,U.S.A
1356,Maverick,U.S.A
1357,Maverick,U.S.A
1358,Maverick,U.S.A
1359,Maverick,U.S.A
1360,Maverick,U.S.A
1361,Maverick,U.S.A
1362,Mayacama,U.S.A
1363,McGuire,Canada
1364,McGuire,Canada
1365,Meadowlands,U.S.A
1366,Meadowlands,U.S.A
1367,Meadowlands,U.S.A
1368,Meadowlands,U.S.A
1369,Meadowlands,U.S.A
1370,Mellow,Denmark
1371,Mellow,Denmark
1372,Mellow,Denmark
1373,Mellow,Denmark
1374,Menakao (aka Cinagra),Madagascar
1375,Menakao (aka Cinagra),Madagascar
1376,Mesocacao,Honduras
1377,Mesocacao,Honduras
1378,Mesocacao,Honduras
1379,Mesocacao,Honduras
1380,Mesocacao,Honduras
1381,Mesocacao,Honduras
1382,Mestico,Brazil
1383,Metiisto,Sweden
1384,Metiisto,Sweden
1385,Metiisto,Australia
1386,Metiisto,Australia
1387,Metropolitan,Netherlands
1388,Meybol,Germany
1389,Michel Cluizel,France
1390,Michel Cluizel,France
1391,Michel Cluizel,France
1392,Michel Cluizel,France
1393,Michel Cluizel,France
1394,Michel Cluizel,France
1395,Michel Cluizel,France
1396,Michel Cluizel,France
1397,Michel Cluizel,France
1398,Michel Cluizel,France
1399,Michel Cluizel,France
1400,Michel Cluizel,France
1401,Michel Cluizel,France
1402,Middlebury,U.S.A
1403,Middlebury,U.S.A
1404,Middlebury,U.S.A
1405,Middlebury,U.S.A
1406,Middlebury,U.S.A
1407,Middlebury,U.S.A
1408,Middlebury,U.S.A
1409,Middlebury,U.S.A
1410,Middlebury,U.S.A
1411,Middlebury,U.S.A
1412,Middlebury,U.S.A
1413,Mike & Becky,Belgium
1414,Mike & Becky,Belgium
1415,Mike & Becky,Belgium
1416,Mike & Becky,Belgium
1417,Millcreek Cacao Roasters,U.S.A
1418,Millcreek Cacao Roasters,U.S.A
1419,Millesime,Belgium
1420,Millesime,Belgium
1421,Millesime,Belgium
1422,Milton,Japan
1423,Milton,Japan
1424,Milton,Japan
1425,Milton,Japan
1426,Mindo,U.S.A
1427,Mindo,U.S.A
1428,Minimal,Japan
1429,Mirzam,U.a.e.
1430,Mirzam,U.a.e.
1431,Mirzam,U.a.e.
1432,Mirzam,U.a.e.
1433,Misina,Czech republic
1434,Mission,Brazil
1435,Mission,Brazil
1436,Mission,Brazil
1437,Moho,U.S.A
1438,Moho,U.S.A
1439,Moho,U.S.A
1440,Moka,U.S.A
1441,Moka,U.S.A
1442,Moka,U.S.A
1443,Moka,U.S.A
1444,Moka,U.S.A
1445,Molucca,U.S.A
1446,Molucca,U.S.A
1447,Molucca,U.S.A
1448,Momotombo,Nicaragua
1449,Momotombo,Nicaragua
1450,Momotombo,Nicaragua
1451,Monarque,Canada
1452,Monsoon,U.S.A
1453,MUCHO,Mexico
1454,Muchomas (Mesocacao),U.S.A
1455,Muchomas (Mesocacao),U.S.A
1456,Musee du Chocolat Theobroma,Japan
1457,Mutari,U.S.A
1458,Mutari,U.S.A
1459,Mutari,U.S.A
1460,Mutari,U.S.A
1461,Nahua,Costa rica
1462,Nahua,Costa rica
1463,Naive,Lithuania
1464,Naive,Lithuania
1465,Naive,Lithuania
1466,Naive,Lithuania
1467,Naive,Lithuania
1468,Naive,Lithuania
1469,Naive,Lithuania
1470,Naive,Lithuania
1471,Nathan Miller,U.S.A
1472,Nathan Miller,U.S.A
1473,Nathan Miller,U.S.A
1474,Nathan Miller,U.S.A
1475,Nearynogs,Ireland
1476,Neuhaus (Callebaut),Belgium
1477,Neuhaus (Callebaut),Belgium
1478,Neuhaus (Callebaut),Belgium
1479,Neuhaus (Callebaut),Belgium
1480,Neuhaus (Callebaut),Belgium
1481,Neuhaus (Callebaut),Belgium
1482,Nibble,U.S.A
1483,Nibble,U.S.A
1484,Nibble,U.S.A
1485,Nibble,U.S.A
1486,Nibble,U.S.A
1487,Night Owl,U.S.A
1488,Night Owl,U.S.A
1489,Nikoa,Ecuador
1490,Nina,Peru
1491,Ninth (9th) & Larkin,U.S.A
1492,Ninth (9th) & Larkin,U.S.A
1493,Ninth (9th) & Larkin,U.S.A
1494,Ninth (9th) & Larkin,U.S.A
1495,Ninth (9th) & Larkin,U.S.A
1496,Noble Bean aka Jerjobo,U.S.A
1497,Noble Bean aka Jerjobo,U.S.A
1498,Noble Bean aka Jerjobo,U.S.A
1499,Nova Monda,Nicaragua
1500,Nova Monda,Nicaragua
1501,Nova Monda,Nicaragua
1502,Nuance,U.S.A
1503,Nuance,U.S.A
1504,Nuance,U.S.A
1505,Nuance,U.S.A
1506,Nuance,U.S.A
1507,Nuance,U.S.A
1508,Nuance,U.S.A
1509,Nugali,Brazil
1510,Oakland Chocolate Co.,U.S.A
1511,Obolo,Chile
1512,Obolo,Chile
1513,Ocelot,Scotland
1514,Ocelot,Scotland
1515,Ocho,New zealand
1516,Ocho,New zealand
1517,Ocho,New zealand
1518,Ocho,New zealand
1519,Ocho,New zealand
1520,Ocho,New zealand
1521,Ohiyo,U.S.A
1522,Ohiyo,U.S.A
1523,Oialla by Bojessen (Malmo),Germany
1524,Oialla by Bojessen (Malmo),Germany
1525,Olive and Sinclair,U.S.A
1526,Olive and Sinclair,U.S.A
1527,Olive and Sinclair,U.S.A
1528,Olive and Sinclair,U.S.A
1529,Olivia,Canada
1530,Olivia,Canada
1531,Olivia,Canada
1532,Olivia,Canada
1533,Omanhene,Ghana
1534,Omnom,Iceland
1535,Omnom,Iceland
1536,Omnom,Iceland
1537,Omnom,Iceland
1538,organicfair,Canada
1539,organicfair,Canada
1540,organicfair,Canada
1541,organicfair,Canada
1542,organicfair,Canada
1543,organicfair,South africa
1544,Original Beans (Felchlin),Switzerland
1545,Original Beans (Felchlin),Switzerland
1546,Original Beans (Felchlin),Switzerland
1547,Original Beans (Felchlin),Switzerland
1548,Original Beans (Felchlin),Switzerland
1549,Original Beans (Felchlin),Switzerland
1550,Original Hawaiin Chocolate Factory,U.S.A
1551,Original Hawaiin Chocolate Factory,U.S.A
1552,Orquidea,Peru
1553,Orquidea,Peru
1554,Pacari,Ecuador
1555,Pacari,Ecuador
1556,Pacari,Ecuador
1557,Pacari,Ecuador
1558,Pacari,Ecuador
1559,Pacari,Ecuador
1560,Pacari,Ecuador
1561,Pacari,Ecuador
1562,Pacari,Ecuador
1563,Pacari,Ecuador
1564,Pacari,Ecuador
1565,Pacari,Ecuador
1566,Palet D'Or,Japan
1567,Palet D'Or,Japan
1568,Palet D'Or,Japan
1569,Palette de Bine,Canada
1570,Palette de Bine,Canada
1571,Palette de Bine,Canada
1572,Palette de Bine,Canada
1573,Palette de Bine,Canada
1574,Palette de Bine,Canada
1575,Palette de Bine,Canada
1576,Palette de Bine,Canada
1577,Palette de Bine,Canada
1578,Palette de Bine,Canada
1579,Palette de Bine,Canada
1580,Palette de Bine,Canada
1581,Palette de Bine,Canada
1582,Palette de Bine,Canada
1583,Palette de Bine,Canada
1584,Pangea,Spain
1585,Pangea,Spain
1586,Pangea,Spain
1587,Pangea,Spain
1588,Pangea,Spain
1589,Pangea,Spain
1590,Pangea,Spain
1591,Park 75,U.S.A
1592,Parliament,U.S.A
1593,Parliament,U.S.A
1594,Parliament,U.S.A
1595,Parliament,U.S.A
1596,Parre Chocolat,U.S.A
1597,Parre Chocolat,U.S.A
1598,Parre Chocolat,U.S.A
1599,Pascha,Peru
1600,Pascha,Peru
1601,Patric,U.S.A
1602,Patric,U.S.A
1603,Patric,U.S.A
1604,Patric,U.S.A
1605,Patric,U.S.A
1606,Patric,U.S.A
1607,Paul Young,U.k.
1608,Paul Young,U.k.
1609,Peppalo,U.S.A
1610,Perrenial,U.S.A
1611,Petite Patrie,Canada
1612,Pierre Marcolini,Belgium
1613,Pierre Marcolini,Belgium
1614,Pierre Marcolini,Belgium
1615,Pierre Marcolini,Belgium
1616,Pierre Marcolini,Belgium
1617,Pierre Marcolini,Belgium
1618,Pierre Marcolini,Belgium
1619,Pierre Marcolini,Belgium
1620,Pierre Marcolini,Belgium
1621,Pierre Marcolini,Belgium
1622,Pierre Marcolini,Belgium
1623,Pierre Marcolini,Belgium
1624,Pierre Marcolini,Belgium
1625,Pierre Marcolini,Belgium
1626,Pierre Marcolini,Belgium
1627,Pierre Marcolini,Belgium
1628,Piety and Desire,U.S.A
1629,Piety and Desire,U.S.A
1630,Piety and Desire,U.S.A
1631,Pinellas,U.S.A
1632,Pitch Dark,U.S.A
1633,Pitch Dark,U.S.A
1634,Pitch Dark,U.S.A
1635,Pitch Dark,U.S.A
1636,Pitch Dark,U.S.A
1637,Pitch Dark,U.S.A
1638,Pitch Dark,U.S.A
1639,Pitch Dark,U.S.A
1640,Pitch Dark,U.S.A
1641,Pomm (aka Dead Dog),U.S.A
1642,Pomm (aka Dead Dog),U.S.A
1643,Potomac,U.S.A
1644,Potomac,U.S.A
1645,Potomac,U.S.A
1646,Potomac,U.S.A
1647,Potomac,U.S.A
1648,Potomac,U.S.A
1649,Potomac,U.S.A
1650,Potomac,U.S.A
1651,Pralus,France
1652,Pralus,France
1653,Pralus,France
1654,Pralus,France
1655,Pralus,France
1656,Pralus,France
1657,Pralus,France
1658,Pralus,France
1659,Pralus,France
1660,Pralus,France
1661,Pralus,France
1662,Pralus,France
1663,Pralus,France
1664,Pralus,France
1665,Pralus,France
1666,Pralus,France
1667,Pralus,France
1668,Pralus,France
1669,Pralus,France
1670,Pralus,France
1671,Pralus,France
1672,Pralus,France
1673,Pralus,France
1674,Pralus,France
1675,Pralus,France
1676,Pralus,France
1677,Primo Botanica,U.S.A
1678,Primo Botanica,U.S.A
1679,Public Chocolatory,South korea
1680,Pump Street Bakery,U.k.
1681,Pump Street Bakery,U.k.
1682,Pump Street Bakery,U.k.
1683,Pump Street Bakery,U.k.
1684,Pump Street Bakery,U.k.
1685,Pump Street Bakery,U.k.
1686,Pump Street Bakery,U.k.
1687,Pump Street Bakery,U.k.
1688,Pump Street Bakery,U.k.
1689,Pump Street Bakery,U.k.
1690,Pura Delizia,Italy
1691,Pura Delizia,Italy
1692,Pura Delizia,Italy
1693,Pura Delizia,Italy
1694,Pura Delizia,Italy
1695,Pura Delizia,Italy
1696,Q Chocolate,Brazil
1697,Q Chocolate,Brazil
1698,Q Chocolate,Brazil
1699,Q Chocolate,Brazil
1700,Q Chocolate,Brazil
1701,Q Chocolate,Brazil
1702,Qantu,Canada
1703,Qantu,Canada
1704,Qantu,Canada
1705,Quetzalli (Wolter),Mexico
1706,Quetzalli (Wolter),Mexico
1707,Raaka,U.S.A
1708,Raaka,U.S.A
1709,Raaka,U.S.A
1710,Raaka,U.S.A
1711,Raaka,U.S.A
1712,Raaka,U.S.A
1713,Rain Republic,Guatemala
1714,Ranger,U.S.A
1715,Ranger,U.S.A
1716,Ranger,U.S.A
1717,Raoul Boulanger,France
1718,Raphio,U.S.A
1719,Raphio,U.S.A
1720,Raphio,U.S.A
1721,Raphio,U.S.A
1722,Raphio,U.S.A
1723,Republica del Cacao (aka Confecta),Ecuador
1724,Republica del Cacao (aka Confecta),Ecuador
1725,Republica del Cacao (aka Confecta),Ecuador
1726,Republica del Cacao (aka Confecta),Ecuador
1727,Republica del Cacao (aka Confecta),Ecuador
1728,Ritual,U.S.A
1729,Ritual,U.S.A
1730,Ritual,U.S.A
1731,Ritual,U.S.A
1732,Ritual,U.S.A
1733,Ritual,U.S.A
1734,Ritual,U.S.A
1735,Ritual,U.S.A
1736,Ritual,U.S.A
1737,Ritual,U.S.A
1738,Ritual,U.S.A
1739,Ritual,U.S.A
1740,River-Sea,U.S.A
1741,River-Sea,U.S.A
1742,River-Sea,U.S.A
1743,Roasting Masters,South korea
1744,Roasting Masters,South korea
1745,Roasting Masters,South korea
1746,Robert (aka Chocolaterie Robert),Madagascar
1747,Robert (aka Chocolaterie Robert),Madagascar
1748,Rogue,U.S.A
1749,Rogue,U.S.A
1750,Rogue,U.S.A
1751,Rogue,U.S.A
1752,Rogue,U.S.A
1753,Rogue,U.S.A
1754,Rogue,U.S.A
1755,Rogue,U.S.A
1756,Rogue,U.S.A
1757,Rogue,U.S.A
1758,Rogue,U.S.A
1759,Rogue,U.S.A
1760,Rogue,U.S.A
1761,Rogue,U.S.A
1762,Rogue,U.S.A
1763,Rogue,U.S.A
1764,Rozsavolgyi,Hungary
1765,Rozsavolgyi,Hungary
1766,Rozsavolgyi,Hungary
1767,Rozsavolgyi,Hungary
1768,Rozsavolgyi,Hungary
1769,Rozsavolgyi,Hungary
1770,Rozsavolgyi,Hungary
1771,Rozsavolgyi,Hungary
1772,Ruket,Italy
1773,Ruket,Italy
1774,Ruket,Italy
1775,Sacred,U.S.A
1776,Sacred,U.S.A
1777,Salgado,Argentina
1778,Salgado,Argentina
1779,Salgado,Argentina
1780,Salgado,Argentina
1781,San Jose,Ecuador
1782,Santander (Compania Nacional),Colombia
1783,Santander (Compania Nacional),Colombia
1784,Santander (Compania Nacional),Colombia
1785,Santander (Compania Nacional),Colombia
1786,Santander (Compania Nacional),Colombia
1787,Santome,France
1788,Scharffen Berger,U.S.A
1789,Scharffen Berger,U.S.A
1790,Scharffen Berger,U.S.A
1791,Scharffen Berger,U.S.A
1792,Scharffen Berger,U.S.A
1793,Scharffen Berger,U.S.A
1794,Scharffen Berger,U.S.A
1795,Scharffen Berger,U.S.A
1796,Scharffen Berger,U.S.A
1797,Scharffen Berger,U.S.A
1798,Scharffen Berger,U.S.A
1799,Scharffen Berger,U.S.A
1800,Scharffen Berger,U.S.A
1801,Scharffen Berger,U.S.A
1802,Scharffen Berger,U.S.A
1803,Scharffen Berger,U.S.A
1804,Scharffen Berger,U.S.A
1805,Seaforth,U.k.
1806,Seaforth,U.k.
1807,Seahorse,U.S.A
1808,Seahorse,U.S.A
1809,Seahorse,U.S.A
1810,Seahorse,U.S.A
1811,Seahorse,U.S.A
1812,Shane Chocolate Works,U.S.A
1813,Shane Chocolate Works,U.S.A
1814,Shane Chocolate Works,U.S.A
1815,Shark Mountain,U.S.A
1816,Shark Mountain,U.S.A
1817,Shark Mountain,U.S.A
1818,Shark Mountain,U.S.A
1819,Shark Mountain,U.S.A
1820,Shark Mountain,U.S.A
1821,Shark's,U.S.A
1822,Shark's,U.S.A
1823,Shattell,Peru
1824,Shattell,Peru
1825,Sibu,Costa rica
1826,Sibu,Costa rica
1827,Silvio Bessone,Italy
1828,Silvio Bessone,Italy
1829,Silvio Bessone,Italy
1830,Silvio Bessone,Italy
1831,Sirene,Canada
1832,Sirene,Canada
1833,Sirene,Canada
1834,Sirene,Canada
1835,Sirene,Canada
1836,Sirene,Canada
1837,Sirene,Canada
1838,Sirene,Canada
1839,Sirene,Canada
1840,Sirene,Canada
1841,Sirene,Canada
1842,Sirene,Canada
1843,Sjolinds,U.S.A
1844,Sjolinds,U.S.A
1845,"Smooth Chocolator, The",Australia
1846,"Smooth Chocolator, The",Australia
1847,"Smooth Chocolator, The",Australia
1848,"Smooth Chocolator, The",Australia
1849,"Smooth Chocolator, The",Australia
1850,"Smooth Chocolator, The",Australia
1851,"Smooth Chocolator, The",Australia
1852,"Smooth Chocolator, The",Australia
1853,"Smooth Chocolator, The",Australia
1854,"Smooth Chocolator, The",Australia
1855,"Smooth Chocolator, The",Australia
1856,"Smooth Chocolator, The",Australia
1857,"Smooth Chocolator, The",Australia
1858,"Smooth Chocolator, The",Australia
1859,"Smooth Chocolator, The",Australia
1860,"Smooth Chocolator, The",Australia
1861,"Smooth Chocolator, The",Australia
1862,Snake & Butterfly,U.S.A
1863,Snake & Butterfly,U.S.A
1864,Snake & Butterfly,U.S.A
1865,Soeka,Netherlands
1866,Soklet,India
1867,Sol Cacao,U.S.A
1868,Sol Cacao,U.S.A
1869,Solkiki,U.k.
1870,Solkiki,U.k.
1871,Solkiki,U.k.
1872,Solomons Gold,New zealand
1873,Solomons Gold,New zealand
1874,Solstice,U.S.A
1875,Solstice,U.S.A
1876,Solstice,U.S.A
1877,Solstice,U.S.A
1878,Solstice,U.S.A
1879,Solstice,U.S.A
1880,Solstice,U.S.A
1881,Solstice,U.S.A
1882,Soma,Canada
1883,Soma,Canada
1884,Soma,Canada
1885,Soma,Canada
1886,Soma,Canada
1887,Soma,Canada
1888,Soma,Canada
1889,Soma,Canada
1890,Soma,Canada
1891,Soma,Canada
1892,Soma,Canada
1893,Soma,Canada
1894,Soma,Canada
1895,Soma,Canada
1896,Soma,Canada
1897,Soma,Canada
1898,Soma,Canada
1899,Soma,Canada
1900,Soma,Canada
1901,Soma,Canada
1902,Soma,Canada
1903,Soma,Canada
1904,Soma,Canada
1905,Soma,Canada
1906,Soma,Canada
1907,Soma,Canada
1908,Soma,Canada
1909,Soma,Canada
1910,Soma,Canada
1911,Soma,Canada
1912,Soma,Canada
1913,Soma,Canada
1914,Soma,Canada
1915,Soma,Canada
1916,Soma,Canada
1917,Soma,Canada
1918,Soma,Canada
1919,Soma,Canada
1920,Soma,Canada
1921,Soma,Canada
1922,Soma,Canada
1923,Soma,Canada
1924,Soma,Canada
1925,Soma,Canada
1926,Soma,Canada
1927,Soma,Canada
1928,Soma,Canada
1929,Soma,Canada
1930,Soma,Canada
1931,Soma,Canada
1932,Soma,Canada
1933,Soma,Canada
1934,Somerville,U.S.A
1935,Somerville,U.S.A
1936,Soul,Canada
1937,Soul,Canada
1938,Soul,Canada
1939,Soul,Canada
1940,Soul,Canada
1941,Soul,Canada
1942,Spagnvola,U.S.A
1943,Spagnvola,U.S.A
1944,Spagnvola,U.S.A
1945,Spencer,Australia
1946,Spencer,Australia
1947,Spencer,Australia
1948,Spencer,Australia
1949,Spencer,U.S.A
1950,Spencer,U.S.A
1951,Spencer,U.S.A
1952,Sprungli (Felchlin),Switzerland
1953,SRSLY,U.S.A
1954,SRSLY,U.S.A
1955,Starchild,U.S.A
1956,Starchild,U.S.A
1957,Starchild,U.S.A
1958,Starchild,U.S.A
1959,Starchild,U.S.A
1960,Stella (aka Bernrain),Switzerland
1961,Stella (aka Bernrain),Switzerland
1962,Stone Grindz,U.S.A
1963,Stone Grindz,U.S.A
1964,Stone Grindz,U.S.A
1965,StRita Supreme,U.S.A
1966,StRita Supreme,U.S.A
1967,StRita Supreme,U.S.A
1968,Sublime Origins,U.S.A
1969,Sublime Origins,U.S.A
1970,Summerbird,Denmark
1971,Summerbird,Denmark
1972,Suruca Chocolate,Venezuela
1973,Suruca Chocolate,Venezuela
1974,Svenska Kakaobolaget,Sweden
1975,Svenska Kakaobolaget,Sweden
1976,Sweet Escalier,Japan
1977,Sweet Escalier,Japan
1978,Sweet Escalier,Japan
1979,Sweet Escalier,Japan
1980,Sweet Escalier,Japan
1981,Sweetness,Canada
1982,Sweetness,Canada
1983,Sweetness,Canada
1984,Szanto Tibor,Hungary
1985,Szanto Tibor,Hungary
1986,Szanto Tibor,Hungary
1987,Szanto Tibor,Hungary
1988,Szanto Tibor,Hungary
1989,Szanto Tibor,Hungary
1990,Szanto Tibor,Hungary
1991,Szanto Tibor,Hungary
1992,Szanto Tibor,Hungary
1993,Szanto Tibor,Hungary
1994,Szanto Tibor,Hungary
1995,Szanto Tibor,Hungary
1996,Szanto Tibor,Hungary
1997,Szanto Tibor,Hungary
1998,Szanto Tibor,Hungary
1999,Tabal,U.S.A
2000,Tabal,U.S.A
2001,Tabal,U.S.A
2002,Tabal,U.S.A
2003,Tablette (aka Vanillabeans),Japan
2004,Tablette (aka Vanillabeans),Japan
2005,Tablette (aka Vanillabeans),Japan
2006,Tablette (aka Vanillabeans),Japan
2007,Tala,Vietnam
2008,Tala,Vietnam
2009,Tan Ban Skrati,Suriname
2010,Taste Artisan,U.S.A
2011,Taste Artisan,U.S.A
2012,Taste Artisan,U.S.A
2013,Taucherli,Switzerland
2014,Taucherli,Switzerland
2015,Taza,U.S.A
2016,Taza,U.S.A
2017,Taza,U.S.A
2018,Taza,U.S.A
2019,TCHO,U.S.A
2020,TCHO,U.S.A
2021,TCHO,U.S.A
2022,TCHO,U.S.A
2023,TCHO,U.S.A
2024,TCHO,U.S.A
2025,TCHO,U.S.A
2026,Tejas,U.S.A
2027,Tejas,U.S.A
2028,Tejas,U.S.A
2029,Tejas,U.S.A
2030,Tejas,U.S.A
2031,Tejas,U.S.A
2032,Tejas,U.S.A
2033,Tejas,U.S.A
2034,Tejas,U.S.A
2035,Tejas,U.S.A
2036,Tejas,U.S.A
2037,Tejas,U.S.A
2038,Tejas,U.S.A
2039,Tejas,U.S.A
2040,Terroir,U.S.A
2041,Terroir,U.S.A
2042,Terroir,U.S.A
2043,Terroir,U.S.A
2044,Terroir,U.S.A
2045,Terroir,U.S.A
2046,Terroir,U.S.A
2047,Terroir,U.S.A
2048,Terroir,U.S.A
2049,Terroir,U.S.A
2050,Terroir,U.S.A
2051,Terroir,U.S.A
2052,The Barn,Sweden
2053,Theo,U.S.A
2054,Theo,U.S.A
2055,Theo,U.S.A
2056,Theo,U.S.A
2057,Theo,U.S.A
2058,Theo,U.S.A
2059,Theobroma,Japan
2060,Thistle & Rose aka Aggie USU,U.S.A
2061,Tibito,Colombia
2062,Tibito,Colombia
2063,Timo A. Meyer,Germany
2064,Tiny House,U.S.A
2065,To'ak (Ecuatoriana),Ecuador
2066,Tocoti,U.S.A
2067,Tocoti,U.S.A
2068,Tocoti,U.S.A
2069,Tosier,U.k.
2070,Tosier,U.k.
2071,Tosier,U.k.
2072,Tosier,U.k.
2073,Tree to Bar,South korea
2074,Treehouse,U.S.A
2075,Tribar,Peru
2076,Tribar,Peru
2077,Tribe,Canada
2078,Tribe,Canada
2079,Tribe,Canada
2080,twenty-four blackbirds,U.S.A
2081,twenty-four blackbirds,U.S.A
2082,twenty-four blackbirds,U.S.A
2083,twenty-four blackbirds,U.S.A
2084,twenty-four blackbirds,U.S.A
2085,twenty-four blackbirds,U.S.A
2086,twenty-four blackbirds,U.S.A
2087,Two Ravens,U.S.A
2088,Uncouth,Canada
2089,Uncouth,Canada
2090,Uncouth,Canada
2091,Undone,U.S.A
2092,Undone,U.S.A
2093,Upchurch,U.S.A
2094,Upchurch,U.S.A
2095,Urzi,Italy
2096,Utopick,Spain
2097,Utopick,Spain
2098,Vaka,Canada
2099,Valrhona,France
2100,Valrhona,France
2101,Valrhona,France
2102,Valrhona,France
2103,Valrhona,France
2104,Valrhona,France
2105,Valrhona,France
2106,Valrhona,France
2107,Valrhona,France
2108,Valrhona,France
2109,Valrhona,France
2110,Valrhona,France
2111,Valrhona,France
2112,Valrhona,France
2113,Valrhona,France
2114,Valrhona,France
2115,Valrhona,France
2116,Valrhona,France
2117,Valrhona,France
2118,Valrhona,France
2119,Valrhona,France
2120,Valrhona,France
2121,Vao Vao (Chocolaterie Robert),Madagascar
2122,Vao Vao (Chocolaterie Robert),Madagascar
2123,Vao Vao (Chocolaterie Robert),Madagascar
2124,Vicuna,U.S.A
2125,Vicuna,U.S.A
2126,Vicuna,U.S.A
2127,Vicuna,U.S.A
2128,Vicuna,U.S.A
2129,Videri,U.S.A
2130,Videri,U.S.A
2131,Videri,U.S.A
2132,Videri,U.S.A
2133,Videri,U.S.A
2134,Vietcacao (A. Morin),France
2135,Vintage Plantations,U.S.A
2136,Vintage Plantations (Tulicorp),U.S.A
2137,Violet Sky,U.S.A
2138,Violet Sky,U.S.A
2139,Violet Sky,U.S.A
2140,Violet Sky,U.S.A
2141,Violet Sky,U.S.A
2142,Vivra,U.S.A
2143,Vivra,U.S.A
2144,Vivra,U.S.A
2145,Vivra,U.S.A
2146,Vivra,U.S.A
2147,Wellington Chocolate Factory,New zealand
2148,Wellington Chocolate Factory,New zealand
2149,Wellington Chocolate Factory,New zealand
2150,White Label,U.S.A
2151,White Label,U.S.A
2152,Wilkie's Organic,Ireland
2153,Wilkie's Organic,Ireland
2154,Wilkie's Organic,Ireland
2155,Wilkie's Organic,Ireland
2156,Willie's Cacao,U.k.
2157,Willie's Cacao,U.k.
2158,Willie's Cacao,U.k.
2159,Willie's Cacao,U.k.
2160,Willie's Cacao,U.k.
2161,Willie's Cacao,U.k.
2162,Willie's Cacao,U.k.
2163,Wm,U.S.A
2164,Wm,U.S.A
2165,Wm,U.S.A
2166,Wm,U.S.A
2167,Wm,U.S.A
2168,Woodblock,U.S.A
2169,Woodblock,U.S.A
2170,Woodblock,U.S.A
2171,Woodblock,U.S.A
2172,Woodblock,U.S.A
2173,Woodblock,U.S.A
2174,Woodblock,U.S.A
2175,Woodblock,U.S.A
2176,Xocolat,Dominican republic
2177,Xocolatisimo,El salvador
2178,Xocolatisimo,El salvador
2179,Xocolatisimo,El salvador
2180,Xocolla,U.S.A
2181,Xocolla,U.S.A
2182,Zak's,U.S.A
2183,Zak's,U.S.A
2184,Zak's,U.S.A
2185,Zak's,U.S.A
2186,Zak's,U.S.A
2187,Zak's,U.S.A
2188,Zart Pralinen,Austria
2189,Zart Pralinen,Austria
2190,Zart Pralinen,Austria
2191,Zart Pralinen,Austria
2192,Zart Pralinen,Austria
2193,Zart Pralinen,Austria
2194,Zokoko,Australia
2195,Zokoko,Australia
2196,Zokoko,Australia
2197,Zokoko,Australia
2198,Zokoko,Australia
2199,Zoto (Chocolatoa),Belgium
2200,Zoto (Chocolatoa),Belgium
2201,Zoto (Chocolatoa),Belgium
2202,Zoto (Chocolatoa),Belgium
2203,Zotter,Austria
2204,Zotter,Austria
2205,Zotter,Austria
2206,Zotter,Austria
2207,Zotter,Austria
2208,Zotter,Austria
2209,Zotter,Austria
2210,Zotter,Austria
2211,Zotter,Austria
2212,Zotter,Austria
2213,Zotter,Austria
2214,Zotter,Austria
2215,Zotter,Austria
2216,Zotter,Austria
2217,Zotter,Austria
2218,Zotter,Austria
2219,Zotter,Austria
2220,Zotter,Austria
2221,Zotter,Austria
2222,Zotter,Austria
2223,Zotter,Austria
